project_id,project_name,start_date,end_date,timeline_days,num_tasks,team_size,budget,complexity,resources_used
1,Project_1,2020-01-01,2020-03-22,81,83,11,197756,Medium,2739
2,Project_2,2020-01-08,2020-02-21,44,16,8,195665,Medium,256
3,Project_3,2020-01-15,2020-04-14,90,42,17,231717,Medium,1428
4,Project_4,2020-01-22,2020-03-12,50,32,5,262002,Medium,640
5,Project_5,2020-01-29,2020-03-22,53,94,16,361691,High,4512
6,Project_6,2020-02-05,2020-03-08,32,28,6,181835,Low,504
7,Project_7,2020-02-12,2020-04-03,51,28,16,222232,High,448
8,Project_8,2020-02-19,2020-05-11,82,45,9,318561,Low,1620
9,Project_9,2020-02-26,2020-03-28,31,38,16,343051,Medium,608
10,Project_10,2020-03-04,2020-05-02,59,69,15,257547,Low,3105
11,Project_11,2020-03-11,2020-05-17,67,91,9,143732,High,819
12,Project_12,2020-03-18,2020-04-18,31,11,12,312695,High,396
13,Project_13,2020-03-25,2020-06-26,93,10,10,408449,Low,300
14,Project_14,2020-04-01,2020-06-29,89,56,12,277109,Medium,672
15,Project_15,2020-04-08,2020-05-28,50,78,6,109346,Medium,468
16,Project_16,2020-04-15,2020-06-16,62,29,7,362731,High,406
17,Project_17,2020-04-22,2020-07-18,87,20,10,112763,Low,400
18,Project_18,2020-04-29,2020-06-19,51,11,16,290237,Medium,352
19,Project_19,2020-05-06,2020-07-23,78,76,17,338553,Medium,3876
20,Project_20,2020-05-13,2020-08-09,88,96,14,431759,High,1344
21,Project_21,2020-05-20,2020-07-30,71,21,7,220987,Medium,588
22,Project_22,2020-05-27,2020-08-24,89,29,10,316823,Low,870
23,Project_23,2020-06-03,2020-07-17,44,14,10,191353,High,560
24,Project_24,2020-06-10,2020-09-09,91,46,6,321373,High,276
25,Project_25,2020-06-17,2020-09-16,91,47,11,457792,Low,1551
26,Project_26,2020-06-24,2020-09-08,76,18,16,125556,High,1152
27,Project_27,2020-07-01,2020-09-30,91,62,6,421186,Medium,1488
28,Project_28,2020-07-08,2020-09-26,80,53,10,118099,Medium,1060
29,Project_29,2020-07-15,2020-10-07,84,95,5,471233,Low,950
30,Project_30,2020-07-22,2020-10-23,93,33,7,276168,Medium,462
31,Project_31,2020-07-29,2020-08-30,32,90,6,303058,Low,1620
32,Project_32,2020-08-05,2020-10-24,80,83,11,244302,Low,913
33,Project_33,2020-08-12,2020-09-17,36,39,18,302041,Medium,702
34,Project_34,2020-08-19,2020-10-08,50,68,8,133866,Low,1088
35,Project_35,2020-08-26,2020-11-02,68,96,12,205400,Medium,2304
36,Project_36,2020-09-02,2020-10-19,47,90,10,446390,High,1800
37,Project_37,2020-09-09,2020-10-12,33,90,16,439119,High,5760
38,Project_38,2020-09-16,2020-12-14,89,23,14,443701,Low,644
39,Project_39,2020-09-23,2020-11-05,43,18,8,237488,Medium,576
40,Project_40,2020-09-30,2020-11-07,38,49,9,172516,Medium,441
41,Project_41,2020-10-07,2020-12-28,82,75,17,286987,High,3825
42,Project_42,2020-10-14,2020-11-14,31,34,17,394746,High,1734
43,Project_43,2020-10-21,2021-01-18,89,82,19,289139,Medium,4674
44,Project_44,2020-10-28,2021-01-09,73,31,19,258588,Low,1767
45,Project_45,2020-11-04,2020-12-11,37,13,13,229295,High,676
46,Project_46,2020-11-11,2021-01-26,76,35,11,187969,Low,1540
47,Project_47,2020-11-18,2021-01-21,64,67,14,232161,Low,1876
48,Project_48,2020-11-25,2021-01-29,65,38,18,305735,High,2736
49,Project_49,2020-12-02,2021-02-19,79,96,18,241559,Low,3456
50,Project_50,2020-12-09,2021-01-11,33,46,13,362299,Low,1196
51,Project_51,2020-12-16,2021-01-16,31,84,11,223950,Medium,2772
52,Project_52,2020-12-23,2021-01-27,35,79,16,429638,Low,5056
53,Project_53,2020-12-30,2021-03-23,83,27,5,176229,Medium,540
54,Project_54,2021-01-06,2021-02-08,33,94,16,204648,High,3008
55,Project_55,2021-01-13,2021-04-06,83,51,12,138547,High,1224
56,Project_56,2021-01-20,2021-04-22,92,50,8,128795,Medium,400
57,Project_57,2021-01-27,2021-03-15,47,47,7,286368,High,329
58,Project_58,2021-02-03,2021-04-17,73,43,18,121447,Low,1548
59,Project_59,2021-02-10,2021-04-14,63,26,17,267670,Low,442
60,Project_60,2021-02-17,2021-05-19,91,46,11,321823,Low,506
61,Project_61,2021-02-24,2021-04-08,43,34,16,356190,High,1088
62,Project_62,2021-03-03,2021-05-19,77,85,7,306402,Low,1190
63,Project_63,2021-03-10,2021-04-23,44,96,12,352419,High,4608
64,Project_64,2021-03-17,2021-06-16,91,95,10,329817,Low,1900
65,Project_65,2021-03-24,2021-06-01,69,94,9,450104,Medium,1692
66,Project_66,2021-03-31,2021-06-21,82,36,8,425422,High,864
67,Project_67,2021-04-07,2021-05-30,53,66,12,155077,High,3168
68,Project_68,2021-04-14,2021-06-08,55,40,12,212782,Low,1920
69,Project_69,2021-04-21,2021-07-19,89,15,16,202932,High,960
70,Project_70,2021-04-28,2021-07-07,70,49,5,472013,High,735
71,Project_71,2021-05-05,2021-07-02,58,21,13,410925,Medium,546
72,Project_72,2021-05-12,2021-06-25,44,62,18,286339,Medium,4464
73,Project_73,2021-05-19,2021-08-01,74,80,9,415942,Low,2880
74,Project_74,2021-05-26,2021-08-28,94,19,8,198696,Medium,152
75,Project_75,2021-06-02,2021-07-10,38,54,10,150939,Low,2160
76,Project_76,2021-06-09,2021-07-09,30,26,10,391660,Low,520
77,Project_77,2021-06-16,2021-07-23,37,35,6,287598,Low,420
78,Project_78,2021-06-23,2021-09-23,92,94,12,241521,High,1128
79,Project_79,2021-06-30,2021-08-09,40,71,11,150290,Medium,3124
80,Project_80,2021-07-07,2021-08-13,37,55,5,488832,Low,1100
81,Project_81,2021-07-14,2021-09-16,64,73,9,448805,Medium,2628
82,Project_82,2021-07-21,2021-09-23,64,11,16,435098,Low,528
83,Project_83,2021-07-28,2021-09-28,62,63,10,384890,Medium,2520
84,Project_84,2021-08-04,2021-09-07,34,74,8,167990,Medium,1184
85,Project_85,2021-08-11,2021-10-20,70,60,6,158810,Low,720
86,Project_86,2021-08-18,2021-10-14,57,62,17,218362,High,3162
87,Project_87,2021-08-25,2021-09-30,36,45,18,246295,Medium,2430
88,Project_88,2021-09-01,2021-10-12,41,35,8,233669,High,1120
89,Project_89,2021-09-08,2021-11-10,63,38,5,296749,High,190
90,Project_90,2021-09-15,2021-11-16,62,30,11,364803,Low,990
91,Project_91,2021-09-22,2021-12-08,77,20,6,186516,Low,360
92,Project_92,2021-09-29,2021-11-20,52,49,17,174567,Low,3332
93,Project_93,2021-10-06,2022-01-05,91,20,6,377181,Medium,480
94,Project_94,2021-10-13,2021-12-18,66,45,13,226498,Low,1755
95,Project_95,2021-10-20,2022-01-01,73,68,9,277810,Low,612
96,Project_96,2021-10-27,2021-12-30,64,48,6,112109,Medium,864
97,Project_97,2021-11-03,2022-02-05,94,63,15,384154,Medium,3780
98,Project_98,2021-11-10,2022-01-25,76,64,13,370931,Low,3328
99,Project_99,2021-11-17,2021-12-19,32,33,13,339472,Low,1287
100,Project_100,2021-11-24,2021-12-24,30,31,5,239544,Low,155
101,Project_101,2021-12-01,2022-01-04,34,78,15,346183,Low,3510
102,Project_102,2021-12-08,2022-01-20,43,65,7,254455,High,1365
103,Project_103,2021-12-15,2022-02-09,56,42,8,423853,High,1344
104,Project_104,2021-12-22,2022-01-29,38,45,18,344325,Low,810
105,Project_105,2021-12-29,2022-02-11,44,29,11,134518,High,638
106,Project_106,2022-01-05,2022-03-17,71,92,14,153909,Medium,1288
107,Project_107,2022-01-12,2022-04-02,80,90,8,380495,High,2160
108,Project_108,2022-01-19,2022-04-21,92,71,6,300696,High,1278
109,Project_109,2022-01-26,2022-04-17,81,82,11,115282,Low,2706
110,Project_110,2022-02-02,2022-03-07,33,35,10,339017,High,350
111,Project_111,2022-02-09,2022-04-02,52,75,7,367219,High,2100
112,Project_112,2022-02-16,2022-04-01,44,82,10,279526,High,2460
113,Project_113,2022-02-23,2022-05-06,72,82,15,128365,High,3690
114,Project_114,2022-03-02,2022-04-29,58,49,19,373146,Medium,931
115,Project_115,2022-03-09,2022-05-13,65,26,10,376091,Low,520
116,Project_116,2022-03-16,2022-04-27,42,10,16,310294,Low,320
117,Project_117,2022-03-23,2022-05-23,61,98,9,456984,Medium,3528
118,Project_118,2022-03-30,2022-06-26,88,70,8,216219,High,2240
119,Project_119,2022-04-06,2022-06-02,57,52,14,440754,Medium,2184
120,Project_120,2022-04-13,2022-07-17,95,51,16,414286,High,816
121,Project_121,2022-04-20,2022-06-30,71,34,19,156307,Medium,1938
122,Project_122,2022-04-27,2022-07-10,74,48,5,235565,Low,960
123,Project_123,2022-05-04,2022-08-03,91,44,14,355095,Low,616
124,Project_124,2022-05-11,2022-08-05,86,12,10,412229,Low,120
125,Project_125,2022-05-18,2022-06-22,35,53,6,134228,High,1272
126,Project_126,2022-05-25,2022-07-21,57,60,17,310748,High,2040
127,Project_127,2022-06-01,2022-07-28,57,21,7,143472,Medium,294
128,Project_128,2022-06-08,2022-08-20,73,28,18,411581,Medium,504
129,Project_129,2022-06-15,2022-08-13,59,53,12,421855,Low,1908
130,Project_130,2022-06-22,2022-09-21,91,68,14,237888,High,1904
131,Project_131,2022-06-29,2022-09-28,91,58,18,177175,Medium,3132
132,Project_132,2022-07-06,2022-08-05,30,70,18,164307,High,2520
133,Project_133,2022-07-13,2022-09-07,56,26,10,408877,High,520
134,Project_134,2022-07-20,2022-10-19,91,83,7,490346,Low,1743
135,Project_135,2022-07-27,2022-08-28,32,66,11,195028,Low,2904
136,Project_136,2022-08-03,2022-11-10,99,64,8,242312,High,1024
137,Project_137,2022-08-10,2022-10-05,56,56,18,192493,High,2016
138,Project_138,2022-08-17,2022-09-24,38,21,13,225149,High,819
139,Project_139,2022-08-24,2022-11-23,91,71,19,329416,High,5396
140,Project_140,2022-08-31,2022-11-05,66,89,9,302435,Low,1602
141,Project_141,2022-09-07,2022-11-26,80,97,7,263834,Medium,1358
142,Project_142,2022-09-14,2022-11-26,73,92,6,370403,Low,2208
143,Project_143,2022-09-21,2022-11-13,53,17,15,281211,Medium,510
144,Project_144,2022-09-28,2022-12-25,88,30,6,490919,High,720
145,Project_145,2022-10-05,2022-12-05,61,90,7,376993,Medium,2520
146,Project_146,2022-10-12,2023-01-01,81,96,6,443912,Low,1728
147,Project_147,2022-10-19,2023-01-18,91,89,18,468252,Low,1602
148,Project_148,2022-10-26,2023-01-21,87,79,8,451853,High,2528
149,Project_149,2022-11-02,2023-01-22,81,81,6,417013,Low,1458
150,Project_150,2022-11-09,2022-12-20,41,34,14,489032,High,476
151,Project_151,2022-11-16,2023-01-23,68,91,13,163095,Low,2366
152,Project_152,2022-11-23,2022-12-24,31,98,6,217886,Low,588
153,Project_153,2022-11-30,2023-01-01,32,21,13,433054,High,1092
154,Project_154,2022-12-07,2023-03-02,85,24,17,385711,Medium,1632
155,Project_155,2022-12-14,2023-03-12,88,68,10,135292,Low,2720
156,Project_156,2022-12-21,2023-01-21,31,35,5,174813,Medium,700
157,Project_157,2022-12-28,2023-01-28,31,35,8,197136,Low,1120
158,Project_158,2023-01-04,2023-03-28,83,56,19,151631,Low,3192
159,Project_159,2023-01-11,2023-02-10,30,41,18,109885,Low,2952
160,Project_160,2023-01-18,2023-03-07,48,19,5,285378,Low,285
161,Project_161,2023-01-25,2023-02-25,31,25,18,428458,Medium,900
162,Project_162,2023-02-01,2023-04-24,82,80,10,427231,Medium,3200
163,Project_163,2023-02-08,2023-04-22,73,26,18,458142,Low,1872
164,Project_164,2023-02-15,2023-04-17,61,32,17,149812,Low,544
165,Project_165,2023-02-22,2023-06-01,99,35,8,281572,Medium,560
166,Project_166,2023-03-01,2023-05-01,61,94,7,420787,High,2632
167,Project_167,2023-03-08,2023-06-13,97,95,7,144900,High,2660
168,Project_168,2023-03-15,2023-06-07,84,16,13,378432,Medium,416
169,Project_169,2023-03-22,2023-06-15,85,23,10,172692,Low,690
170,Project_170,2023-03-29,2023-05-14,46,88,13,447580,Low,4576
171,Project_171,2023-04-05,2023-06-11,67,16,17,327208,High,272
172,Project_172,2023-04-12,2023-06-04,53,18,9,146403,High,648
173,Project_173,2023-04-19,2023-07-26,98,57,6,191170,Medium,342
174,Project_174,2023-04-26,2023-08-03,99,81,12,371312,High,972
175,Project_175,2023-05-03,2023-06-12,40,68,9,412023,Medium,2448
176,Project_176,2023-05-10,2023-06-24,45,96,6,159871,High,2304
177,Project_177,2023-05-17,2023-08-13,88,91,8,132174,High,728
178,Project_178,2023-05-24,2023-08-31,99,48,13,330823,High,1248
179,Project_179,2023-05-31,2023-07-02,32,27,19,323563,Low,1026
180,Project_180,2023-06-07,2023-07-26,49,68,8,237653,Low,2176
181,Project_181,2023-06-14,2023-09-10,88,26,17,210155,Low,1326
182,Project_182,2023-06-21,2023-08-25,65,23,16,433997,High,736
183,Project_183,2023-06-28,2023-08-15,48,40,16,426190,Medium,2560
184,Project_184,2023-07-05,2023-10-09,96,33,16,411822,Medium,1056
185,Project_185,2023-07-12,2023-08-29,48,69,17,388793,Medium,3519
186,Project_186,2023-07-19,2023-09-06,49,54,19,227795,Medium,4104
187,Project_187,2023-07-26,2023-10-15,81,12,18,188668,Low,648
188,Project_188,2023-08-02,2023-10-03,62,46,8,313397,Low,1472
189,Project_189,2023-08-09,2023-10-17,69,52,6,245639,High,936
190,Project_190,2023-08-16,2023-10-23,68,49,17,452050,High,1666
191,Project_191,2023-08-23,2023-09-22,30,99,16,339141,Medium,3168
192,Project_192,2023-08-30,2023-10-09,40,64,19,196019,Low,3648
193,Project_193,2023-09-06,2023-12-01,86,96,10,440146,Medium,2880
194,Project_194,2023-09-13,2023-12-01,79,48,17,128803,High,2448
195,Project_195,2023-09-20,2023-11-11,52,24,15,249302,High,1440
196,Project_196,2023-09-27,2023-11-26,60,13,18,248934,Medium,468
197,Project_197,2023-10-04,2023-12-14,71,95,6,330147,High,2280
198,Project_198,2023-10-11,2023-11-16,36,34,16,130795,Medium,1088
199,Project_199,2023-10-18,2023-12-02,45,22,11,370914,Low,242
200,Project_200,2023-10-25,2024-01-22,89,91,7,111093,Medium,2548
201,Project_201,2023-11-01,2023-12-02,31,42,19,493409,Low,1596
202,Project_202,2023-11-08,2023-12-08,30,25,7,462455,Low,350
203,Project_203,2023-11-15,2024-01-31,77,51,9,379713,High,1836
204,Project_204,2023-11-22,2024-01-02,41,75,7,373334,High,2100
205,Project_205,2023-11-29,2024-03-06,98,64,6,424968,High,768
206,Project_206,2023-12-06,2024-02-10,66,51,14,273824,Medium,2856
207,Project_207,2023-12-13,2024-02-12,61,43,13,263399,Medium,1677
208,Project_208,2023-12-20,2024-01-27,38,39,6,404214,High,936
209,Project_209,2023-12-27,2024-02-13,48,22,18,140197,Medium,1584
210,Project_210,2024-01-03,2024-03-20,77,22,15,102261,High,1320
211,Project_211,2024-01-10,2024-02-11,32,27,6,257584,Medium,324
212,Project_212,2024-01-17,2024-03-06,49,41,17,499932,Low,2091
213,Project_213,2024-01-24,2024-03-17,53,48,19,448939,Low,912
214,Project_214,2024-01-31,2024-04-23,83,55,12,391077,High,660
215,Project_215,2024-02-07,2024-04-09,62,38,19,235450,Medium,2166
216,Project_216,2024-02-14,2024-04-07,53,71,13,140583,Medium,2769
217,Project_217,2024-02-21,2024-04-26,65,71,11,474226,Low,2343
218,Project_218,2024-02-28,2024-05-05,67,66,7,447515,Low,924
219,Project_219,2024-03-06,2024-04-29,54,25,13,260105,High,325
220,Project_220,2024-03-13,2024-04-29,47,65,7,211032,Low,1365
221,Project_221,2024-03-20,2024-06-23,95,19,9,306940,High,342
222,Project_222,2024-03-27,2024-06-18,83,39,13,404748,Low,507
223,Project_223,2024-04-03,2024-06-06,64,34,16,457218,Low,2176
224,Project_224,2024-04-10,2024-07-09,90,93,18,326727,Medium,3348
225,Project_225,2024-04-17,2024-06-26,70,14,18,173869,Low,252
226,Project_226,2024-04-24,2024-06-25,62,74,7,367554,Low,1036
227,Project_227,2024-05-01,2024-08-06,97,58,11,445519,High,638
228,Project_228,2024-05-08,2024-07-09,62,12,16,287116,Low,192
229,Project_229,2024-05-15,2024-06-27,43,54,5,294387,High,1080
230,Project_230,2024-05-22,2024-07-11,50,23,8,458199,Low,368
231,Project_231,2024-05-29,2024-08-14,77,39,8,302416,Low,936
232,Project_232,2024-06-05,2024-07-24,49,77,11,186716,High,3388
233,Project_233,2024-06-12,2024-07-19,37,27,12,154245,Medium,1296
234,Project_234,2024-06-19,2024-07-25,36,71,5,143056,High,355
235,Project_235,2024-06-26,2024-09-30,96,46,9,350736,High,1242
236,Project_236,2024-07-03,2024-08-18,46,34,11,420701,High,748
237,Project_237,2024-07-10,2024-09-10,62,57,16,379687,Medium,2736
238,Project_238,2024-07-17,2024-10-02,77,74,8,325683,Low,1776
239,Project_239,2024-07-24,2024-10-20,88,62,17,458182,High,3162
240,Project_240,2024-07-31,2024-09-20,51,88,8,365972,High,2112
241,Project_241,2024-08-07,2024-10-05,59,82,8,216656,Medium,1968
242,Project_242,2024-08-14,2024-10-20,67,24,16,117087,High,384
243,Project_243,2024-08-21,2024-11-09,80,58,10,393481,Low,580
244,Project_244,2024-08-28,2024-11-19,83,97,11,236554,Medium,4268
245,Project_245,2024-09-04,2024-10-11,37,77,6,427477,Low,462
246,Project_246,2024-09-11,2024-11-06,56,21,19,282024,Low,1596
247,Project_247,2024-09-18,2024-11-13,56,68,9,236535,Medium,2448
248,Project_248,2024-09-25,2024-11-14,50,46,8,343236,High,736
249,Project_249,2024-10-02,2024-11-30,59,70,19,170448,Low,3990
250,Project_250,2024-10-09,2024-12-05,57,52,18,104648,Low,936
251,Project_251,2024-10-16,2025-01-17,93,79,17,492720,Low,2686
252,Project_252,2024-10-23,2025-01-29,98,48,7,395767,Low,336
253,Project_253,2024-10-30,2025-01-28,90,65,11,135634,Medium,2860
254,Project_254,2024-11-06,2025-01-22,77,72,15,476742,Medium,1080
255,Project_255,2024-11-13,2024-12-31,48,55,16,411478,Low,2640
256,Project_256,2024-11-20,2024-12-23,33,97,10,430792,High,3880
257,Project_257,2024-11-27,2025-01-30,64,20,18,122054,Low,1440
258,Project_258,2024-12-04,2025-03-07,93,71,11,170028,High,1562
259,Project_259,2024-12-11,2025-02-27,78,86,9,122207,Low,2322
260,Project_260,2024-12-18,2025-02-02,46,34,17,330893,High,2312
261,Project_261,2024-12-25,2025-03-08,73,80,10,181554,Low,2400
262,Project_262,2025-01-01,2025-03-01,59,61,9,252458,High,549
263,Project_263,2025-01-08,2025-03-24,75,13,18,183276,Low,702
264,Project_264,2025-01-15,2025-02-19,35,68,11,414925,Low,2992
265,Project_265,2025-01-22,2025-03-29,66,81,6,283852,High,972
266,Project_266,2025-01-29,2025-03-23,53,29,18,292512,Medium,2088
267,Project_267,2025-02-05,2025-04-21,75,72,15,423179,High,3240
268,Project_268,2025-02-12,2025-05-05,82,63,9,108210,Medium,1701
269,Project_269,2025-02-19,2025-05-19,89,83,10,144363,Low,3320
270,Project_270,2025-02-26,2025-05-29,92,66,10,342247,High,1980
271,Project_271,2025-03-05,2025-05-05,61,99,19,178279,High,1881
272,Project_272,2025-03-12,2025-05-13,62,50,9,291420,High,1800
273,Project_273,2025-03-19,2025-06-23,96,12,14,286356,Medium,336
274,Project_274,2025-03-26,2025-05-12,47,15,11,303196,Medium,660
275,Project_275,2025-04-02,2025-05-26,54,14,14,299919,Low,196
276,Project_276,2025-04-09,2025-07-01,83,14,12,357324,Medium,168
277,Project_277,2025-04-16,2025-07-12,87,63,11,295161,Medium,693
278,Project_278,2025-04-23,2025-07-28,96,56,9,330363,Low,504
279,Project_279,2025-04-30,2025-07-14,75,96,5,234393,High,480
280,Project_280,2025-05-07,2025-06-29,53,58,17,443492,High,1972
281,Project_281,2025-05-14,2025-07-14,61,18,9,475960,Low,486
282,Project_282,2025-05-21,2025-08-05,76,29,14,309754,High,406
283,Project_283,2025-05-28,2025-07-19,52,70,6,223053,Medium,420
284,Project_284,2025-06-04,2025-09-07,95,44,17,283965,Low,2992
285,Project_285,2025-06-11,2025-08-06,56,59,9,266892,Low,1062
286,Project_286,2025-06-18,2025-07-19,31,91,9,428406,Low,1638
287,Project_287,2025-06-25,2025-08-10,46,71,6,234832,High,1278
288,Project_288,2025-07-02,2025-09-02,62,26,9,253262,Low,468
289,Project_289,2025-07-09,2025-08-16,38,97,17,167411,Low,6596
290,Project_290,2025-07-16,2025-09-26,72,12,8,385521,Low,384
291,Project_291,2025-07-23,2025-10-08,77,41,5,138211,High,615
292,Project_292,2025-07-30,2025-10-06,68,22,7,313981,Medium,616
293,Project_293,2025-08-06,2025-10-16,71,98,5,365888,Low,490
294,Project_294,2025-08-13,2025-10-07,55,82,16,356638,Medium,1312
295,Project_295,2025-08-20,2025-11-07,79,77,15,387139,High,4620
296,Project_296,2025-08-27,2025-10-20,54,23,19,248049,High,1311
297,Project_297,2025-09-03,2025-10-26,53,20,9,329010,High,360
298,Project_298,2025-09-10,2025-10-22,42,65,8,134542,High,1560
299,Project_299,2025-09-17,2025-12-15,89,76,11,110651,Medium,1672
300,Project_300,2025-09-24,2025-10-30,36,38,9,199239,Low,1368
301,Project_301,2025-10-01,2025-12-26,86,18,14,441075,High,1008
302,Project_302,2025-10-08,2025-12-12,65,76,18,326416,High,1368
303,Project_303,2025-10-15,2025-12-28,74,34,8,464256,Medium,544
304,Project_304,2025-10-22,2025-12-10,49,85,6,378859,Medium,1530
305,Project_305,2025-10-29,2026-01-31,94,51,8,255378,High,1632
306,Project_306,2025-11-05,2025-12-12,37,18,16,250158,Low,864
307,Project_307,2025-11-12,2025-12-27,45,88,6,423494,Low,528
308,Project_308,2025-11-19,2026-01-01,43,49,12,433569,High,1176
309,Project_309,2025-11-26,2026-01-09,44,34,7,448264,Medium,476
310,Project_310,2025-12-03,2026-03-08,95,14,13,477033,High,728
311,Project_311,2025-12-10,2026-02-09,61,20,17,241130,High,680
312,Project_312,2025-12-17,2026-03-19,92,68,8,355948,Medium,2176
313,Project_313,2025-12-24,2026-03-14,80,97,17,436781,High,1649
314,Project_314,2025-12-31,2026-02-23,54,88,10,432338,High,1760
315,Project_315,2026-01-07,2026-04-04,87,47,14,439061,High,2632
316,Project_316,2026-01-14,2026-04-16,92,81,9,164200,Medium,2187
317,Project_317,2026-01-21,2026-04-22,91,14,14,205848,Low,784
318,Project_318,2026-01-28,2026-03-20,51,57,17,206022,Low,1938
319,Project_319,2026-02-04,2026-05-02,87,99,5,277691,Medium,495
320,Project_320,2026-02-11,2026-05-09,87,27,13,356453,Low,702
321,Project_321,2026-02-18,2026-05-07,78,79,5,422202,High,790
322,Project_322,2026-02-25,2026-05-17,81,46,12,162068,Low,2208
323,Project_323,2026-03-04,2026-05-14,71,69,13,462076,High,2691
324,Project_324,2026-03-11,2026-06-18,99,57,13,261445,Low,1482
325,Project_325,2026-03-18,2026-05-01,44,86,5,264226,Medium,1290
326,Project_326,2026-03-25,2026-06-16,83,37,6,237103,Low,888
327,Project_327,2026-04-01,2026-06-29,89,78,16,324605,Low,3744
328,Project_328,2026-04-08,2026-05-15,37,86,17,303047,Low,5848
329,Project_329,2026-04-15,2026-07-06,82,90,5,384929,Medium,450
330,Project_330,2026-04-22,2026-07-20,89,49,14,349768,Low,2058
331,Project_331,2026-04-29,2026-06-02,34,54,6,259741,Medium,972
332,Project_332,2026-05-06,2026-08-11,97,71,14,194475,High,994
333,Project_333,2026-05-13,2026-06-17,35,67,16,102282,Low,3216
334,Project_334,2026-05-20,2026-08-04,76,76,12,265696,Medium,912
335,Project_335,2026-05-27,2026-08-19,84,65,9,279510,Medium,1170
336,Project_336,2026-06-03,2026-08-11,69,49,16,320972,Low,3136
337,Project_337,2026-06-10,2026-08-30,81,49,15,429678,High,735
338,Project_338,2026-06-17,2026-08-01,45,86,11,262777,Medium,2838
339,Project_339,2026-06-24,2026-08-05,42,42,6,437108,Low,252
340,Project_340,2026-07-01,2026-08-29,59,15,12,268509,High,540
341,Project_341,2026-07-08,2026-08-25,48,97,15,308944,Medium,2910
342,Project_342,2026-07-15,2026-08-30,46,28,10,219006,Medium,280
343,Project_343,2026-07-22,2026-10-22,92,89,12,336440,High,2136
344,Project_344,2026-07-29,2026-09-15,48,49,5,304054,High,980
345,Project_345,2026-08-05,2026-10-31,87,68,19,412727,Low,3876
346,Project_346,2026-08-12,2026-11-04,84,68,5,400536,Low,1020
347,Project_347,2026-08-19,2026-11-18,91,57,16,107461,Medium,1824
348,Project_348,2026-08-26,2026-10-17,52,50,11,200123,High,2200
349,Project_349,2026-09-02,2026-10-10,38,22,12,372660,High,264
350,Project_350,2026-09-09,2026-10-20,41,54,17,248586,High,918
351,Project_351,2026-09-16,2026-10-16,30,98,7,483395,Medium,2058
352,Project_352,2026-09-23,2026-12-19,87,62,9,331496,High,1116
353,Project_353,2026-09-30,2026-10-30,30,51,16,267860,High,1632
354,Project_354,2026-10-07,2026-12-09,63,72,5,306821,Medium,360
355,Project_355,2026-10-14,2026-12-30,77,36,11,292121,Low,1584
356,Project_356,2026-10-21,2026-11-20,30,47,9,424637,Low,1692
357,Project_357,2026-10-28,2026-12-12,45,69,12,136027,Medium,828
358,Project_358,2026-11-04,2027-02-02,90,16,17,455691,High,272
359,Project_359,2026-11-11,2027-02-12,93,14,12,273921,Medium,336
360,Project_360,2026-11-18,2027-02-18,92,54,13,462271,Low,2808
361,Project_361,2026-11-25,2027-03-03,98,67,11,248930,Low,737
362,Project_362,2026-12-02,2027-01-22,51,40,15,315234,Medium,600
363,Project_363,2026-12-09,2027-03-15,96,32,5,179003,Medium,480
364,Project_364,2026-12-16,2027-02-09,55,51,17,283467,Low,867
365,Project_365,2026-12-23,2027-02-06,45,19,7,139758,Medium,133
366,Project_366,2026-12-30,2027-03-20,80,41,12,416456,Low,1968
367,Project_367,2027-01-06,2027-04-02,86,62,7,430814,Medium,868
368,Project_368,2027-01-13,2027-03-12,58,39,12,182279,Medium,1872
369,Project_369,2027-01-20,2027-04-28,98,48,5,115434,Medium,480
370,Project_370,2027-01-27,2027-04-13,76,40,9,295119,Low,1080
371,Project_371,2027-02-03,2027-05-05,91,91,8,437913,Medium,728
372,Project_372,2027-02-10,2027-05-19,98,11,9,345754,Low,297
373,Project_373,2027-02-17,2027-04-03,45,87,12,428821,Low,2088
374,Project_374,2027-02-24,2027-05-12,77,86,14,183555,Medium,4816
375,Project_375,2027-03-03,2027-05-10,68,21,19,228379,Medium,1596
376,Project_376,2027-03-10,2027-05-11,62,48,18,316992,Low,2592
377,Project_377,2027-03-17,2027-05-08,52,75,8,339511,Low,1200
378,Project_378,2027-03-24,2027-05-02,39,22,15,276806,High,990
379,Project_379,2027-03-31,2027-07-07,98,55,8,463809,Low,1320
380,Project_380,2027-04-07,2027-06-09,63,36,19,168803,High,684
381,Project_381,2027-04-14,2027-07-04,81,26,7,453847,High,546
382,Project_382,2027-04-21,2027-05-30,39,69,11,383456,High,759
383,Project_383,2027-04-28,2027-06-15,48,73,7,324448,Medium,511
384,Project_384,2027-05-05,2027-07-31,87,97,16,275251,Medium,6208
385,Project_385,2027-05-12,2027-06-11,30,44,7,302514,Low,308
386,Project_386,2027-05-19,2027-08-25,98,79,15,345404,High,1185
387,Project_387,2027-05-26,2027-06-28,33,92,14,217961,Medium,5152
388,Project_388,2027-06-02,2027-07-17,45,39,9,402523,Medium,1053
389,Project_389,2027-06-09,2027-08-01,53,80,9,117297,Medium,1440
390,Project_390,2027-06-16,2027-07-17,31,83,18,364155,Medium,2988
391,Project_391,2027-06-23,2027-08-23,61,72,10,220234,Medium,1440
392,Project_392,2027-06-30,2027-08-22,53,37,12,144014,High,1332
393,Project_393,2027-07-07,2027-08-17,41,69,14,343166,High,966
394,Project_394,2027-07-14,2027-10-01,79,88,10,456477,High,1760
395,Project_395,2027-07-21,2027-09-23,64,46,19,278570,High,2622
396,Project_396,2027-07-28,2027-09-28,62,31,16,358864,Low,496
397,Project_397,2027-08-04,2027-10-05,62,77,5,373264,High,1540
398,Project_398,2027-08-11,2027-11-09,90,29,19,384996,Medium,1102
399,Project_399,2027-08-18,2027-11-06,80,77,12,441383,High,924
400,Project_400,2027-08-25,2027-11-05,72,73,12,494145,Low,1752
401,Project_401,2027-09-01,2027-10-12,41,26,13,308559,Medium,676
402,Project_402,2027-09-08,2027-12-13,96,21,13,191575,High,546
403,Project_403,2027-09-15,2027-12-18,94,31,6,195040,High,186
404,Project_404,2027-09-22,2027-11-23,62,26,19,248510,High,1482
405,Project_405,2027-09-29,2027-12-07,69,19,6,279587,Medium,114
406,Project_406,2027-10-06,2027-12-17,72,74,7,105744,Medium,1036
407,Project_407,2027-10-13,2027-12-25,73,31,5,314892,Low,155
408,Project_408,2027-10-20,2027-12-17,58,99,8,404503,Medium,3168
409,Project_409,2027-10-27,2027-12-08,42,91,18,250871,Medium,4914
410,Project_410,2027-11-03,2027-12-14,41,59,8,460890,High,472
411,Project_411,2027-11-10,2028-01-24,75,23,18,324834,Medium,1656
412,Project_412,2027-11-17,2027-12-18,31,73,13,220906,High,2847
413,Project_413,2027-11-24,2028-01-27,64,56,13,301260,High,2912
414,Project_414,2027-12-01,2028-01-07,37,38,13,320931,Medium,1482
415,Project_415,2027-12-08,2028-02-01,55,85,14,353593,Low,1190
416,Project_416,2027-12-15,2028-02-16,63,45,11,338746,Low,1980
417,Project_417,2027-12-22,2028-01-27,36,61,18,107597,Medium,2196
418,Project_418,2027-12-29,2028-04-04,97,85,19,409237,Low,6460
419,Project_419,2028-01-05,2028-04-01,87,16,6,303199,High,288
420,Project_420,2028-01-12,2028-03-10,58,38,14,476794,High,532
421,Project_421,2028-01-19,2028-03-24,65,20,9,308434,Medium,540
422,Project_422,2028-01-26,2028-03-16,50,42,8,257489,Low,1344
423,Project_423,2028-02-02,2028-04-07,65,15,16,483100,Low,960
424,Project_424,2028-02-09,2028-03-19,39,88,15,215598,High,2640
425,Project_425,2028-02-16,2028-04-09,53,41,12,350100,Medium,492
426,Project_426,2028-02-23,2028-05-26,93,60,6,358589,Low,360
427,Project_427,2028-03-01,2028-05-18,78,84,10,284233,Medium,3360
428,Project_428,2028-03-08,2028-05-12,65,67,17,352388,Low,1139
429,Project_429,2028-03-15,2028-05-07,53,96,9,233241,High,1728
430,Project_430,2028-03-22,2028-05-13,52,35,19,315164,High,1995
431,Project_431,2028-03-29,2028-06-28,91,55,16,253124,Medium,880
432,Project_432,2028-04-05,2028-06-10,66,38,6,304923,High,912
433,Project_433,2028-04-12,2028-05-23,41,13,15,108036,Low,585
434,Project_434,2028-04-19,2028-07-12,84,90,14,131778,High,3780
435,Project_435,2028-04-26,2028-06-07,42,22,19,254245,Medium,836
436,Project_436,2028-05-03,2028-06-24,52,48,5,261475,Medium,960
437,Project_437,2028-05-10,2028-07-08,59,24,12,302747,Medium,288
438,Project_438,2028-05-17,2028-07-02,46,38,6,499560,Low,912
439,Project_439,2028-05-24,2028-08-23,91,38,11,118800,Low,1254
440,Project_440,2028-05-31,2028-07-12,42,84,13,387516,Low,4368
441,Project_441,2028-06-07,2028-09-03,88,41,13,423660,Low,533
442,Project_442,2028-06-14,2028-08-01,48,11,12,382682,Low,132
443,Project_443,2028-06-21,2028-09-07,78,56,15,426062,High,1680
444,Project_444,2028-06-28,2028-08-08,41,87,18,433299,Low,1566
445,Project_445,2028-07-05,2028-10-03,90,93,16,331312,Low,1488
446,Project_446,2028-07-12,2028-08-29,48,31,14,159500,High,1736
447,Project_447,2028-07-19,2028-08-26,38,84,13,267647,Low,4368
448,Project_448,2028-07-26,2028-09-21,57,36,6,336527,Medium,648
449,Project_449,2028-08-02,2028-10-22,81,76,10,210659,Low,1520
450,Project_450,2028-08-09,2028-09-23,45,90,8,127716,Low,2880
451,Project_451,2028-08-16,2028-11-22,98,65,18,496452,Medium,1170
452,Project_452,2028-08-23,2028-10-03,41,30,8,102352,Medium,720
453,Project_453,2028-08-30,2028-10-23,54,56,9,233004,Medium,2016
454,Project_454,2028-09-06,2028-11-26,81,89,16,438593,Medium,2848
455,Project_455,2028-09-13,2028-12-04,82,68,7,108556,Low,952
456,Project_456,2028-09-20,2028-11-11,52,93,18,361973,Medium,5022
457,Project_457,2028-09-27,2028-11-11,45,15,5,448980,Medium,225
458,Project_458,2028-10-04,2028-12-29,86,28,12,236570,High,1008
459,Project_459,2028-10-11,2028-12-18,68,66,9,307190,Medium,1782
460,Project_460,2028-10-18,2029-01-08,82,78,7,150098,Medium,1638
461,Project_461,2028-10-25,2029-01-04,71,12,14,474313,High,168
462,Project_462,2028-11-01,2029-01-27,87,10,18,240641,High,180
463,Project_463,2028-11-08,2029-01-15,68,67,11,347199,Low,2948
464,Project_464,2028-11-15,2028-12-28,43,47,11,226060,High,1034
465,Project_465,2028-11-22,2028-12-26,34,24,5,287954,Low,120
466,Project_466,2028-11-29,2029-02-01,64,43,16,301465,High,688
467,Project_467,2028-12-06,2029-01-22,47,70,13,230544,High,910
468,Project_468,2028-12-13,2029-01-20,38,44,19,100340,Low,3344
469,Project_469,2028-12-20,2029-03-17,87,73,6,275021,High,1314
470,Project_470,2028-12-27,2029-02-11,46,34,9,182302,Low,1224
471,Project_471,2029-01-03,2029-02-08,36,33,17,322740,High,1122
472,Project_472,2029-01-10,2029-03-26,75,21,18,100138,Medium,756
473,Project_473,2029-01-17,2029-02-28,42,27,9,493574,High,486
474,Project_474,2029-01-24,2029-04-03,69,24,18,219619,Low,864
475,Project_475,2029-01-31,2029-04-12,71,89,12,447520,High,1068
476,Project_476,2029-02-07,2029-03-17,38,36,18,199931,Low,648
477,Project_477,2029-02-14,2029-05-04,79,81,12,256951,Low,3888
478,Project_478,2029-02-21,2029-04-18,56,69,18,443676,Medium,3726
479,Project_479,2029-02-28,2029-06-03,95,55,11,417922,Medium,1210
480,Project_480,2029-03-07,2029-04-10,34,98,11,137772,Low,4312
481,Project_481,2029-03-14,2029-05-11,58,26,16,158478,High,416
482,Project_482,2029-03-21,2029-05-26,66,62,15,126762,Low,930
483,Project_483,2029-03-28,2029-06-03,67,17,10,244355,Low,510
484,Project_484,2029-04-04,2029-05-11,37,88,10,294994,High,2640
485,Project_485,2029-04-11,2029-07-14,94,36,15,270492,High,1620
486,Project_486,2029-04-18,2029-06-03,46,55,13,417712,High,2860
487,Project_487,2029-04-25,2029-07-08,74,59,10,447234,High,590
488,Project_488,2029-05-02,2029-06-04,33,80,16,382363,Low,1280
489,Project_489,2029-05-09,2029-07-13,65,12,17,419313,Low,612
490,Project_490,2029-05-16,2029-08-23,99,73,17,174965,Medium,2482
491,Project_491,2029-05-23,2029-07-22,60,53,6,277912,Low,954
492,Project_492,2029-05-30,2029-07-17,48,62,6,275767,High,1488
493,Project_493,2029-06-06,2029-09-04,90,33,17,336281,Medium,1683
494,Project_494,2029-06-13,2029-09-04,83,69,9,184754,High,1863
495,Project_495,2029-06-20,2029-08-27,68,12,19,177988,Low,912
496,Project_496,2029-06-27,2029-08-14,48,29,8,250023,Medium,696
497,Project_497,2029-07-04,2029-09-10,68,55,15,232379,High,825
498,Project_498,2029-07-11,2029-10-15,96,24,6,180388,Medium,288
499,Project_499,2029-07-18,2029-09-30,74,34,19,452912,Medium,1938
500,Project_500,2029-07-25,2029-09-05,42,87,19,397572,Low,6612
501,Project_501,2029-08-01,2029-10-27,87,80,7,339779,High,1120
502,Project_502,2029-08-08,2029-09-26,49,26,11,454165,Medium,1144
503,Project_503,2029-08-15,2029-11-13,90,93,12,480562,Medium,2232
504,Project_504,2029-08-22,2029-10-29,68,18,16,306846,High,576
505,Project_505,2029-08-29,2029-09-28,30,47,17,270047,Medium,2397
506,Project_506,2029-09-05,2029-10-07,32,57,10,232212,Medium,570
507,Project_507,2029-09-12,2029-12-12,91,69,15,388565,Medium,3105
508,Project_508,2029-09-19,2029-12-20,92,72,9,363852,High,2592
509,Project_509,2029-09-26,2029-11-19,54,95,17,496846,High,6460
510,Project_510,2029-10-03,2029-12-27,85,11,5,176021,High,110
511,Project_511,2029-10-10,2029-12-11,62,97,12,259380,High,2328
512,Project_512,2029-10-17,2029-12-23,67,81,7,144789,Low,567
513,Project_513,2029-10-24,2029-11-28,35,20,19,126086,Medium,1140
514,Project_514,2029-10-31,2030-01-26,87,73,10,379003,High,2920
515,Project_515,2029-11-07,2030-01-19,73,86,7,107684,Medium,1204
516,Project_516,2029-11-14,2030-01-27,74,90,11,191088,Medium,990
517,Project_517,2029-11-21,2030-01-21,61,81,17,494423,Low,5508
518,Project_518,2029-11-28,2030-02-10,74,30,18,146099,High,1080
519,Project_519,2029-12-05,2030-03-05,90,27,11,166093,High,1188
520,Project_520,2029-12-12,2030-02-26,76,73,16,260761,Medium,1168
521,Project_521,2029-12-19,2030-02-07,50,91,19,410795,High,1729
522,Project_522,2029-12-26,2030-03-01,65,47,13,113893,Medium,2444
523,Project_523,2030-01-02,2030-02-19,48,41,9,166418,Medium,1107
524,Project_524,2030-01-09,2030-02-27,49,20,19,225074,Low,1520
525,Project_525,2030-01-16,2030-04-12,86,54,12,465209,Low,1296
526,Project_526,2030-01-23,2030-03-11,47,98,14,230351,Low,4116
527,Project_527,2030-01-30,2030-04-16,76,42,14,291083,Medium,1176
528,Project_528,2030-02-06,2030-04-25,78,50,12,138635,High,2400
529,Project_529,2030-02-13,2030-03-28,43,17,5,195071,Low,255
530,Project_530,2030-02-20,2030-04-05,44,20,16,440662,High,640
531,Project_531,2030-02-27,2030-04-28,60,95,9,468377,Low,3420
532,Project_532,2030-03-06,2030-04-05,30,60,7,465795,Low,1680
533,Project_533,2030-03-13,2030-06-04,83,97,5,172805,Medium,1455
534,Project_534,2030-03-20,2030-04-21,32,50,8,484957,Low,1600
535,Project_535,2030-03-27,2030-05-11,45,26,12,441207,Low,312
536,Project_536,2030-04-03,2030-06-28,86,85,7,364598,Medium,1190
537,Project_537,2030-04-10,2030-05-21,41,55,14,383022,High,1540
538,Project_538,2030-04-17,2030-06-01,45,41,6,282170,Low,984
539,Project_539,2030-04-24,2030-06-16,53,88,15,293226,Medium,5280
540,Project_540,2030-05-01,2030-06-27,57,89,13,244063,Low,1157
541,Project_541,2030-05-08,2030-06-14,37,63,14,168344,Medium,2646
542,Project_542,2030-05-15,2030-07-19,65,95,9,467090,High,3420
543,Project_543,2030-05-22,2030-06-28,37,29,18,136593,High,2088
544,Project_544,2030-05-29,2030-08-24,87,42,11,136304,Medium,1848
545,Project_545,2030-06-05,2030-09-02,89,83,15,286292,Medium,4980
546,Project_546,2030-06-12,2030-08-30,79,49,15,213613,Medium,1470
547,Project_547,2030-06-19,2030-08-15,57,41,6,300410,High,984
548,Project_548,2030-06-26,2030-09-04,70,11,13,118354,Low,286
549,Project_549,2030-07-03,2030-10-04,93,42,17,384334,High,2856
550,Project_550,2030-07-10,2030-09-04,56,86,13,106142,Medium,3354
551,Project_551,2030-07-17,2030-10-17,92,39,8,283043,Medium,312
552,Project_552,2030-07-24,2030-09-08,46,42,8,404006,High,1008
553,Project_553,2030-07-31,2030-10-01,62,86,10,284482,Medium,3440
554,Project_554,2030-08-07,2030-10-04,58,35,14,250575,High,1960
555,Project_555,2030-08-14,2030-09-25,42,31,14,225438,Medium,1736
556,Project_556,2030-08-21,2030-11-04,75,75,14,148456,Low,3150
557,Project_557,2030-08-28,2030-10-31,64,47,10,200167,Low,1880
558,Project_558,2030-09-04,2030-10-09,35,99,16,444179,Medium,4752
559,Project_559,2030-09-11,2030-12-18,98,55,5,370160,High,550
560,Project_560,2030-09-18,2030-12-03,76,24,18,364528,Low,432
561,Project_561,2030-09-25,2030-11-18,54,53,18,293392,High,954
562,Project_562,2030-10-02,2031-01-05,95,58,13,202239,Medium,2262
563,Project_563,2030-10-09,2030-11-17,39,84,6,211431,High,1008
564,Project_564,2030-10-16,2031-01-09,85,70,9,442162,Low,1890
565,Project_565,2030-10-23,2030-12-21,59,76,13,140510,High,1976
566,Project_566,2030-10-30,2030-12-03,34,15,8,280005,High,480
567,Project_567,2030-11-06,2031-01-07,62,18,15,383970,Medium,540
568,Project_568,2030-11-13,2031-02-15,94,15,7,430170,Medium,210
569,Project_569,2030-11-20,2031-01-06,47,82,19,221668,Medium,3116
570,Project_570,2030-11-27,2031-02-13,78,41,11,342700,Low,451
571,Project_571,2030-12-04,2031-01-13,40,50,10,124045,Low,1000
572,Project_572,2030-12-11,2031-02-04,55,85,12,281948,Medium,4080
573,Project_573,2030-12-18,2031-03-20,92,17,7,190102,Medium,476
574,Project_574,2030-12-25,2031-03-23,88,81,9,414063,Low,2916
575,Project_575,2031-01-01,2031-02-26,56,59,14,199441,Low,1652
576,Project_576,2031-01-08,2031-03-27,78,71,8,258175,Low,1704
577,Project_577,2031-01-15,2031-03-18,62,93,19,349877,Low,5301
578,Project_578,2031-01-22,2031-02-21,30,71,17,236917,Medium,4828
579,Project_579,2031-01-29,2031-03-20,50,16,8,317770,Low,128
580,Project_580,2031-02-05,2031-04-30,84,84,8,218325,Medium,2016
581,Project_581,2031-02-12,2031-03-19,35,93,14,119337,High,2604
582,Project_582,2031-02-19,2031-05-28,98,89,12,253385,High,3204
583,Project_583,2031-02-26,2031-04-01,34,13,10,440093,Low,520
584,Project_584,2031-03-05,2031-04-06,32,15,7,362420,High,105
585,Project_585,2031-03-12,2031-06-02,82,67,14,413295,High,2814
586,Project_586,2031-03-19,2031-05-10,52,31,9,243016,High,837
587,Project_587,2031-03-26,2031-06-16,82,35,10,415031,Low,1400
588,Project_588,2031-04-02,2031-06-07,66,12,9,181442,Low,108
589,Project_589,2031-04-09,2031-05-25,46,50,10,149847,High,500
590,Project_590,2031-04-16,2031-05-16,30,69,12,158653,Medium,3312
591,Project_591,2031-04-23,2031-07-12,80,23,11,317144,High,506
592,Project_592,2031-04-30,2031-07-13,74,84,9,353661,Low,2268
593,Project_593,2031-05-07,2031-06-09,33,91,14,418766,Low,2548
594,Project_594,2031-05-14,2031-08-13,91,21,10,389954,Low,630
595,Project_595,2031-05-21,2031-08-23,94,96,18,177842,High,5184
596,Project_596,2031-05-28,2031-07-28,61,21,8,484369,Medium,336
597,Project_597,2031-06-04,2031-08-06,63,22,16,372647,Low,1408
598,Project_598,2031-06-11,2031-08-18,68,34,13,184761,Low,1768
599,Project_599,2031-06-18,2031-08-12,55,54,17,488583,High,2754
600,Project_600,2031-06-25,2031-08-27,63,28,8,373734,Medium,896
601,Project_601,2031-07-02,2031-09-23,83,64,5,241958,High,960
602,Project_602,2031-07-09,2031-08-10,32,54,11,428768,Low,2376
603,Project_603,2031-07-16,2031-10-03,79,17,11,263864,Medium,561
604,Project_604,2031-07-23,2031-09-02,41,62,8,356910,Medium,1984
605,Project_605,2031-07-30,2031-11-01,94,64,17,220356,Low,1088
606,Project_606,2031-08-06,2031-10-28,83,41,18,317228,Medium,1476
607,Project_607,2031-08-13,2031-09-16,34,60,7,142727,Medium,420
608,Project_608,2031-08-20,2031-11-14,86,53,12,440615,High,1272
609,Project_609,2031-08-27,2031-10-12,46,91,9,108068,Low,1638
610,Project_610,2031-09-03,2031-11-18,76,79,14,216923,Low,3318
611,Project_611,2031-09-10,2031-11-01,52,27,11,111390,Low,594
612,Project_612,2031-09-17,2031-10-30,43,92,8,206752,Low,736
613,Project_613,2031-09-24,2031-12-28,95,31,8,456898,Low,248
614,Project_614,2031-10-01,2031-12-20,80,46,12,438113,Medium,2208
615,Project_615,2031-10-08,2031-12-14,67,65,18,246110,High,1170
616,Project_616,2031-10-15,2032-01-16,93,68,12,324790,Low,3264
617,Project_617,2031-10-22,2031-12-28,67,12,6,439208,High,144
618,Project_618,2031-10-29,2032-01-16,79,37,18,121281,High,666
619,Project_619,2031-11-05,2032-01-03,59,83,6,154189,Medium,996
620,Project_620,2031-11-12,2032-01-31,80,44,7,362093,Low,308
621,Project_621,2031-11-19,2032-02-19,92,70,19,410655,Medium,1330
622,Project_622,2031-11-26,2032-02-15,81,63,16,222115,Low,4032
623,Project_623,2031-12-03,2032-02-08,67,72,16,108605,Medium,2304
624,Project_624,2031-12-10,2032-02-07,59,88,7,462462,High,616
625,Project_625,2031-12-17,2032-03-06,80,16,5,494597,Low,240
626,Project_626,2031-12-24,2032-01-27,34,85,19,381954,High,3230
627,Project_627,2031-12-31,2032-02-27,58,58,18,349415,High,2088
628,Project_628,2032-01-07,2032-02-09,33,94,7,255394,Medium,1316
629,Project_629,2032-01-14,2032-02-22,39,40,10,141869,Low,1600
630,Project_630,2032-01-21,2032-04-15,85,67,12,132955,High,2412
631,Project_631,2032-01-28,2032-03-14,46,70,17,161388,Medium,2380
632,Project_632,2032-02-04,2032-03-21,46,33,16,341324,Low,528
633,Project_633,2032-02-11,2032-05-19,98,29,18,110207,Low,522
634,Project_634,2032-02-18,2032-04-21,63,46,14,318401,High,2576
635,Project_635,2032-02-25,2032-03-31,35,13,10,259292,Low,130
636,Project_636,2032-03-03,2032-05-24,82,29,9,305157,High,522
637,Project_637,2032-03-10,2032-06-13,95,69,19,122031,Low,1311
638,Project_638,2032-03-17,2032-05-28,72,33,8,442951,Medium,528
639,Project_639,2032-03-24,2032-05-15,52,59,7,171312,High,413
640,Project_640,2032-03-31,2032-06-23,84,58,17,159766,High,2958
641,Project_641,2032-04-07,2032-05-22,45,60,8,243521,Low,1920
642,Project_642,2032-04-14,2032-05-21,37,45,18,451977,Low,3240
643,Project_643,2032-04-21,2032-05-24,33,75,11,287771,High,2475
644,Project_644,2032-04-28,2032-05-31,33,88,5,337199,Low,1320
645,Project_645,2032-05-05,2032-07-29,85,43,11,336731,Medium,1892
646,Project_646,2032-05-12,2032-07-05,54,45,5,335841,Low,675
647,Project_647,2032-05-19,2032-08-23,96,15,6,211041,Medium,180
648,Project_648,2032-05-26,2032-08-30,96,48,19,216185,Medium,912
649,Project_649,2032-06-02,2032-07-28,56,51,8,277164,Medium,1632
650,Project_650,2032-06-09,2032-08-09,61,67,5,110350,Medium,1005
651,Project_651,2032-06-16,2032-09-03,79,21,15,327230,Medium,630
652,Project_652,2032-06-23,2032-09-21,90,12,16,463003,Low,768
653,Project_653,2032-06-30,2032-09-18,80,27,15,361570,Medium,1215
654,Project_654,2032-07-07,2032-08-24,48,49,19,168487,Low,3724
655,Project_655,2032-07-14,2032-09-02,50,30,15,248694,Medium,1350
656,Project_656,2032-07-21,2032-08-24,34,24,13,223853,High,1248
657,Project_657,2032-07-28,2032-10-07,71,35,16,415261,Medium,1120
658,Project_658,2032-08-04,2032-11-02,90,17,10,335062,High,340
659,Project_659,2032-08-11,2032-10-01,51,96,17,333077,Medium,1632
660,Project_660,2032-08-18,2032-10-07,50,51,5,463228,Medium,1020
661,Project_661,2032-08-25,2032-12-02,99,53,5,123782,Medium,265
662,Project_662,2032-09-01,2032-10-01,30,23,10,390598,High,920
663,Project_663,2032-09-08,2032-10-12,34,87,8,430048,High,2088
664,Project_664,2032-09-15,2032-10-26,41,11,8,229936,Medium,264
665,Project_665,2032-09-22,2032-12-06,75,46,19,253245,Low,874
666,Project_666,2032-09-29,2032-12-01,63,78,15,222258,Medium,4680
667,Project_667,2032-10-06,2032-12-23,78,47,19,211668,High,893
668,Project_668,2032-10-13,2032-12-26,74,50,10,486328,Medium,1000
669,Project_669,2032-10-20,2032-12-15,56,71,19,378710,High,1349
670,Project_670,2032-10-27,2032-12-21,55,69,18,238262,High,1242
671,Project_671,2032-11-03,2033-01-18,76,23,16,138333,High,1104
672,Project_672,2032-11-10,2033-02-03,85,98,15,484073,Medium,1470
673,Project_673,2032-11-17,2033-02-17,92,93,11,311977,High,4092
674,Project_674,2032-11-24,2033-02-09,77,11,13,189571,High,429
675,Project_675,2032-12-01,2033-03-01,90,79,14,220263,Medium,1106
676,Project_676,2032-12-08,2033-02-01,55,26,9,494805,High,468
677,Project_677,2032-12-15,2033-02-18,65,98,13,125235,Medium,1274
678,Project_678,2032-12-22,2033-01-21,30,37,8,100159,High,296
679,Project_679,2032-12-29,2033-02-04,37,75,17,243217,Low,1275
680,Project_680,2033-01-05,2033-03-27,81,44,14,262993,Low,1848
681,Project_681,2033-01-12,2033-03-29,76,14,6,467003,High,336
682,Project_682,2033-01-19,2033-04-14,85,74,7,247309,Low,1036
683,Project_683,2033-01-26,2033-03-10,43,49,17,207507,Medium,833
684,Project_684,2033-02-02,2033-03-31,57,85,15,114743,Low,5100
685,Project_685,2033-02-09,2033-03-12,31,65,5,328174,High,1300
686,Project_686,2033-02-16,2033-04-12,55,45,18,146101,High,2430
687,Project_687,2033-02-23,2033-04-07,43,54,18,342717,Medium,1944
688,Project_688,2033-03-02,2033-05-29,88,32,10,221534,High,960
689,Project_689,2033-03-09,2033-06-02,85,56,17,446371,Medium,3808
690,Project_690,2033-03-16,2033-04-21,36,40,10,330604,Low,1600
691,Project_691,2033-03-23,2033-04-24,32,20,5,287450,Low,400
692,Project_692,2033-03-30,2033-05-21,52,19,15,433270,Medium,855
693,Project_693,2033-04-06,2033-05-23,47,76,17,418215,Medium,2584
694,Project_694,2033-04-13,2033-06-19,67,23,7,302193,High,161
695,Project_695,2033-04-20,2033-06-03,44,89,9,436907,Low,2403
696,Project_696,2033-04-27,2033-07-29,93,83,7,335422,Medium,2324
697,Project_697,2033-05-04,2033-06-30,57,19,14,246721,Low,798
698,Project_698,2033-05-11,2033-07-18,68,85,7,268785,Medium,2380
699,Project_699,2033-05-18,2033-08-12,86,10,18,304535,Low,180
700,Project_700,2033-05-25,2033-07-10,46,14,14,276481,High,196
701,Project_701,2033-06-01,2033-08-13,73,29,7,279838,Low,406
702,Project_702,2033-06-08,2033-08-01,54,17,9,146154,Low,612
703,Project_703,2033-06-15,2033-07-31,46,52,17,369160,Low,1768
704,Project_704,2033-06-22,2033-08-03,42,85,9,451822,Low,1530
705,Project_705,2033-06-29,2033-08-22,54,10,8,474200,Low,80
706,Project_706,2033-07-06,2033-10-11,97,66,5,154238,High,990
707,Project_707,2033-07-13,2033-08-21,39,73,9,420752,Medium,1971
708,Project_708,2033-07-20,2033-10-24,96,93,14,189081,Low,2604
709,Project_709,2033-07-27,2033-09-12,47,37,9,347644,High,333
710,Project_710,2033-08-03,2033-10-05,63,46,8,413105,Low,1472
711,Project_711,2033-08-10,2033-09-16,37,56,10,299775,Low,1680
712,Project_712,2033-08-17,2033-10-25,69,85,14,389061,Medium,2380
713,Project_713,2033-08-24,2033-11-03,71,46,8,390134,Low,1104
714,Project_714,2033-08-31,2033-11-09,70,58,18,162551,High,3132
715,Project_715,2033-09-07,2033-10-12,35,53,11,310695,High,2332
716,Project_716,2033-09-14,2033-12-04,81,65,11,253512,Medium,715
717,Project_717,2033-09-21,2033-11-15,55,37,6,266277,Low,888
718,Project_718,2033-09-28,2033-12-30,93,88,7,180811,High,616
719,Project_719,2033-10-05,2034-01-01,88,15,5,354840,Low,225
720,Project_720,2033-10-12,2034-01-05,85,70,12,417247,Low,1680
721,Project_721,2033-10-19,2034-01-15,88,29,13,468266,Low,1508
722,Project_722,2033-10-26,2034-02-02,99,87,8,334104,Medium,696
723,Project_723,2033-11-02,2034-01-03,62,11,10,119008,Low,330
724,Project_724,2033-11-09,2034-01-30,82,82,13,302346,High,1066
725,Project_725,2033-11-16,2034-01-06,51,46,10,132402,Low,460
726,Project_726,2033-11-23,2034-01-12,50,29,18,284456,High,522
727,Project_727,2033-11-30,2034-03-09,99,35,16,359994,Low,1680
728,Project_728,2033-12-07,2034-03-16,99,38,16,499009,High,1216
729,Project_729,2033-12-14,2034-01-16,33,10,16,236643,High,320
730,Project_730,2033-12-21,2034-03-22,91,44,13,213550,Low,1144
731,Project_731,2033-12-28,2034-03-29,91,79,19,191218,Low,1501
732,Project_732,2034-01-04,2034-02-26,53,68,8,233296,High,1632
733,Project_733,2034-01-11,2034-04-05,84,78,12,279767,Medium,936
734,Project_734,2034-01-18,2034-02-25,38,42,13,482923,Low,1092
735,Project_735,2034-01-25,2034-02-26,32,60,8,491858,Medium,960
736,Project_736,2034-02-01,2034-04-02,60,87,9,341060,Low,2349
737,Project_737,2034-02-08,2034-04-18,69,21,18,340016,Low,378
738,Project_738,2034-02-15,2034-04-21,65,29,12,132441,Low,1392
739,Project_739,2034-02-22,2034-04-16,53,62,16,338038,Low,3968
740,Project_740,2034-03-01,2034-04-05,35,97,14,270201,Medium,2716
741,Project_741,2034-03-08,2034-06-11,95,52,18,331324,Low,2808
742,Project_742,2034-03-15,2034-04-17,33,98,10,424512,High,980
743,Project_743,2034-03-22,2034-04-26,35,59,16,192122,High,944
744,Project_744,2034-03-29,2034-06-17,80,38,11,144760,Medium,836
745,Project_745,2034-04-05,2034-07-05,91,66,7,385622,Low,924
746,Project_746,2034-04-12,2034-07-07,86,48,11,490025,High,528
747,Project_747,2034-04-19,2034-07-23,95,65,16,433998,Medium,1040
748,Project_748,2034-04-26,2034-06-02,37,52,18,456374,Low,1872
749,Project_749,2034-05-03,2034-06-27,55,59,12,447860,High,708
750,Project_750,2034-05-10,2034-07-29,80,32,14,243252,High,1792
751,Project_751,2034-05-17,2034-07-30,74,53,10,198538,Medium,1060
752,Project_752,2034-05-24,2034-08-05,73,47,19,115372,Low,893
753,Project_753,2034-05-31,2034-07-04,34,93,14,391940,Low,2604
754,Project_754,2034-06-07,2034-09-14,99,32,13,321035,High,1248
755,Project_755,2034-06-14,2034-08-08,55,54,17,460970,High,1836
756,Project_756,2034-06-21,2034-09-26,97,61,10,482736,High,1220
757,Project_757,2034-06-28,2034-08-15,48,89,16,455779,Low,4272
758,Project_758,2034-07-05,2034-08-23,49,59,13,211022,Medium,3068
759,Project_759,2034-07-12,2034-08-22,41,17,17,154040,Medium,289
760,Project_760,2034-07-19,2034-10-03,76,94,8,437501,Low,2256
761,Project_761,2034-07-26,2034-08-25,30,10,12,302440,Medium,240
762,Project_762,2034-08-02,2034-09-14,43,17,15,178356,High,255
763,Project_763,2034-08-09,2034-11-10,93,38,8,378355,Medium,912
764,Project_764,2034-08-16,2034-10-22,67,14,6,467570,Medium,84
765,Project_765,2034-08-23,2034-10-28,66,95,14,367986,Medium,1330
766,Project_766,2034-08-30,2034-10-09,40,56,15,428996,High,2520
767,Project_767,2034-09-06,2034-10-08,32,43,13,487881,Low,559
768,Project_768,2034-09-13,2034-11-14,62,74,9,408112,High,2664
769,Project_769,2034-09-20,2034-10-25,35,64,8,379652,Low,1536
770,Project_770,2034-09-27,2034-12-15,79,99,6,253077,Low,2376
771,Project_771,2034-10-04,2034-11-12,39,52,5,154575,Low,520
772,Project_772,2034-10-11,2034-11-14,34,83,15,250043,Medium,1245
773,Project_773,2034-10-18,2034-12-09,52,39,11,166914,Medium,858
774,Project_774,2034-10-25,2034-12-03,39,91,10,349134,Low,1820
775,Project_775,2034-11-01,2035-01-13,73,26,19,167055,Low,494
776,Project_776,2034-11-08,2034-12-09,31,35,19,187697,Medium,1995
777,Project_777,2034-11-15,2034-12-27,42,17,6,206239,High,102
778,Project_778,2034-11-22,2035-01-30,69,56,12,335469,Low,1344
779,Project_779,2034-11-29,2034-12-30,31,85,15,223106,High,2550
780,Project_780,2034-12-06,2035-03-10,94,81,8,367499,Medium,1944
781,Project_781,2034-12-13,2035-03-15,92,98,12,416264,Low,1176
782,Project_782,2034-12-20,2035-02-04,46,55,19,400486,High,2090
783,Project_783,2034-12-27,2035-02-03,38,77,11,102257,High,3388
784,Project_784,2035-01-03,2035-02-16,44,42,9,389508,High,756
785,Project_785,2035-01-10,2035-03-04,53,10,14,256044,Medium,280
786,Project_786,2035-01-17,2035-03-25,67,28,14,211715,Medium,1176
787,Project_787,2035-01-24,2035-03-29,64,40,16,126654,High,2560
788,Project_788,2035-01-31,2035-04-19,78,89,12,311841,High,2136
789,Project_789,2035-02-07,2035-05-16,98,23,18,443567,Medium,828
790,Project_790,2035-02-14,2035-05-16,91,62,13,391464,High,3224
791,Project_791,2035-02-21,2035-05-21,89,57,9,120808,High,513
792,Project_792,2035-02-28,2035-05-18,79,78,14,152389,Medium,1092
793,Project_793,2035-03-07,2035-04-14,38,99,9,218581,High,1782
794,Project_794,2035-03-14,2035-05-16,63,71,6,227927,High,852
795,Project_795,2035-03-21,2035-05-24,64,75,9,134773,High,675
796,Project_796,2035-03-28,2035-04-27,30,73,7,282240,Medium,1533
797,Project_797,2035-04-04,2035-06-12,69,79,11,438540,High,3476
798,Project_798,2035-04-11,2035-07-13,93,72,14,469836,Medium,4032
799,Project_799,2035-04-18,2035-06-08,51,82,9,314764,Medium,2214
800,Project_800,2035-04-25,2035-07-23,89,42,12,157505,Low,1512
801,Project_801,2035-05-02,2035-08-03,93,50,5,448040,Low,750
802,Project_802,2035-05-09,2035-06-18,40,98,7,118135,High,2058
803,Project_803,2035-05-16,2035-06-28,43,57,7,190887,Medium,1197
804,Project_804,2035-05-23,2035-08-20,89,22,13,222118,Low,858
805,Project_805,2035-05-30,2035-07-28,59,82,9,409521,High,2952
806,Project_806,2035-06-06,2035-08-09,64,86,16,254626,Low,4128
807,Project_807,2035-06-13,2035-08-18,66,40,13,424635,Low,520
808,Project_808,2035-06-20,2035-07-24,34,84,17,345739,Medium,4284
809,Project_809,2035-06-27,2035-08-21,55,77,13,420427,Medium,3003
810,Project_810,2035-07-04,2035-10-03,91,13,5,379067,Low,260
811,Project_811,2035-07-11,2035-08-13,33,28,6,409735,Low,672
812,Project_812,2035-07-18,2035-09-27,71,79,9,162261,Medium,2133
813,Project_813,2035-07-25,2035-09-10,47,91,8,416480,High,2912
814,Project_814,2035-08-01,2035-10-09,69,22,19,436227,Medium,836
815,Project_815,2035-08-08,2035-10-15,68,32,14,160948,Low,1792
816,Project_816,2035-08-15,2035-09-27,43,92,13,340891,High,4784
817,Project_817,2035-08-22,2035-10-22,61,84,11,264074,Low,3696
818,Project_818,2035-08-29,2035-11-17,80,10,10,388816,High,400
819,Project_819,2035-09-05,2035-11-11,67,97,11,366357,Low,1067
820,Project_820,2035-09-12,2035-11-03,52,63,5,241365,High,315
821,Project_821,2035-09-19,2035-12-20,92,80,5,162507,High,400
822,Project_822,2035-09-26,2035-11-09,44,98,12,157134,Low,3528
823,Project_823,2035-10-03,2035-11-26,54,94,17,233172,High,4794
824,Project_824,2035-10-10,2035-11-25,46,24,17,341225,Medium,816
825,Project_825,2035-10-17,2036-01-20,95,74,6,293069,Low,444
826,Project_826,2035-10-24,2036-01-14,82,85,16,390316,Medium,4080
827,Project_827,2035-10-31,2036-01-19,80,80,14,382276,Low,4480
828,Project_828,2035-11-07,2036-01-14,68,24,15,348933,High,1440
829,Project_829,2035-11-14,2036-02-02,80,30,13,380343,High,390
830,Project_830,2035-11-21,2036-02-28,99,28,11,136609,High,616
831,Project_831,2035-11-28,2036-01-02,35,69,10,274037,Low,1380
832,Project_832,2035-12-05,2036-03-10,96,98,5,239088,Medium,1960
833,Project_833,2035-12-12,2036-01-17,36,42,5,394025,Medium,420
834,Project_834,2035-12-19,2036-03-08,80,58,6,313666,Low,348
835,Project_835,2035-12-26,2036-03-06,71,44,10,386616,Low,1760
836,Project_836,2036-01-02,2036-04-04,93,53,18,282885,Medium,2862
837,Project_837,2036-01-09,2036-02-22,44,99,10,331440,Medium,2970
838,Project_838,2036-01-16,2036-03-14,58,20,6,357803,Medium,240
839,Project_839,2036-01-23,2036-03-25,62,81,5,267093,Medium,1620
840,Project_840,2036-01-30,2036-03-26,56,87,14,416275,Low,4872
841,Project_841,2036-02-06,2036-04-11,65,83,9,255159,Low,2241
842,Project_842,2036-02-13,2036-04-11,58,75,9,112828,High,2700
843,Project_843,2036-02-20,2036-04-27,67,55,6,458808,Medium,1320
844,Project_844,2036-02-27,2036-05-23,86,18,10,232473,High,720
845,Project_845,2036-03-05,2036-04-30,56,12,13,377337,Low,312
846,Project_846,2036-03-12,2036-06-04,84,94,6,323461,Low,2256
847,Project_847,2036-03-19,2036-05-20,62,35,14,464662,High,490
848,Project_848,2036-03-26,2036-07-01,97,81,6,381755,Medium,972
849,Project_849,2036-04-02,2036-07-06,95,57,7,274863,Medium,1596
850,Project_850,2036-04-09,2036-05-18,39,75,17,438384,Medium,5100
851,Project_851,2036-04-16,2036-05-20,34,79,11,339719,Medium,869
852,Project_852,2036-04-23,2036-06-29,67,37,10,308475,High,740
853,Project_853,2036-04-30,2036-06-11,42,35,16,364889,High,1680
854,Project_854,2036-05-07,2036-07-06,60,34,12,417387,Low,1224
855,Project_855,2036-05-14,2036-07-29,76,21,19,366010,Medium,798
856,Project_856,2036-05-21,2036-08-10,81,14,12,263317,Medium,672
857,Project_857,2036-05-28,2036-08-21,85,57,10,490825,Medium,2280
858,Project_858,2036-06-04,2036-07-18,44,46,16,171354,High,2208
859,Project_859,2036-06-11,2036-08-08,58,88,15,151374,Medium,3960
860,Project_860,2036-06-18,2036-07-25,37,53,14,214397,High,2226
861,Project_861,2036-06-25,2036-07-29,34,24,7,348552,Medium,168
862,Project_862,2036-07-02,2036-08-29,58,52,7,486721,Medium,1092
863,Project_863,2036-07-09,2036-09-23,76,57,19,443173,Low,1083
864,Project_864,2036-07-16,2036-10-21,97,96,5,455718,Medium,960
865,Project_865,2036-07-23,2036-10-05,74,79,11,392575,Medium,3476
866,Project_866,2036-07-30,2036-08-30,31,55,9,129336,Low,1485
867,Project_867,2036-08-06,2036-10-01,56,52,8,403136,High,1664
868,Project_868,2036-08-13,2036-10-17,65,30,14,155350,High,1680
869,Project_869,2036-08-20,2036-10-24,65,32,19,169561,Medium,1824
870,Project_870,2036-08-27,2036-10-21,55,89,8,414099,High,2136
871,Project_871,2036-09-03,2036-11-14,72,56,18,161240,Medium,2016
872,Project_872,2036-09-10,2036-11-05,56,24,8,251165,Low,192
873,Project_873,2036-09-17,2036-12-24,98,34,10,499371,Low,340
874,Project_874,2036-09-24,2036-11-12,49,45,19,146607,Medium,3420
875,Project_875,2036-10-01,2036-11-10,40,84,12,286740,Low,3024
876,Project_876,2036-10-08,2036-12-14,67,60,12,281196,Low,1440
877,Project_877,2036-10-15,2036-11-19,35,24,9,415014,Medium,432
878,Project_878,2036-10-22,2036-12-13,52,77,19,164110,Medium,2926
879,Project_879,2036-10-29,2037-01-13,76,30,10,284626,Low,600
880,Project_880,2036-11-05,2037-01-19,75,22,8,252008,High,352
881,Project_881,2036-11-12,2036-12-23,41,95,16,479039,High,1520
882,Project_882,2036-11-19,2036-12-31,42,28,18,104426,Medium,504
883,Project_883,2036-11-26,2037-02-25,91,43,15,319911,Medium,645
884,Project_884,2036-12-03,2037-03-02,89,87,17,389750,High,4437
885,Project_885,2036-12-10,2037-02-20,72,77,13,128151,Low,4004
886,Project_886,2036-12-17,2037-03-24,97,61,12,373452,High,1464
887,Project_887,2036-12-24,2037-01-27,34,36,14,340853,High,1512
888,Project_888,2036-12-31,2037-03-07,66,38,16,354595,High,1216
889,Project_889,2037-01-07,2037-03-08,60,37,14,276743,High,518
890,Project_890,2037-01-14,2037-02-21,38,44,5,190306,Medium,660
891,Project_891,2037-01-21,2037-04-11,80,17,19,325180,Medium,323
892,Project_892,2037-01-28,2037-03-27,58,25,6,469128,Low,300
893,Project_893,2037-02-04,2037-04-14,69,45,13,102204,Low,1170
894,Project_894,2037-02-11,2037-04-22,70,39,12,192769,Low,1872
895,Project_895,2037-02-18,2037-03-30,40,27,18,187265,Low,972
896,Project_896,2037-02-25,2037-04-18,52,11,7,393275,High,77
897,Project_897,2037-03-04,2037-04-03,30,58,12,152428,Medium,1392
898,Project_898,2037-03-11,2037-05-25,75,86,16,133870,Medium,5504
899,Project_899,2037-03-18,2037-05-07,50,13,5,203547,Low,260
900,Project_900,2037-03-25,2037-05-29,65,99,14,335990,Low,1386
901,Project_901,2037-04-01,2037-06-23,83,98,8,149067,High,2352
902,Project_902,2037-04-08,2037-07-03,86,84,7,338083,High,1176
903,Project_903,2037-04-15,2037-05-15,30,16,10,212217,Low,640
904,Project_904,2037-04-22,2037-07-23,92,83,11,198934,Medium,1826
905,Project_905,2037-04-29,2037-07-21,83,48,8,242980,Medium,768
906,Project_906,2037-05-06,2037-07-29,84,22,11,436851,Medium,726
907,Project_907,2037-05-13,2037-07-21,69,40,13,309329,Low,2080
908,Project_908,2037-05-20,2037-07-03,44,80,15,357354,Medium,2400
909,Project_909,2037-05-27,2037-07-16,50,72,6,161215,High,1728
910,Project_910,2037-06-03,2037-08-18,76,65,15,286907,High,975
911,Project_911,2037-06-10,2037-08-31,82,51,7,411573,Low,357
912,Project_912,2037-06-17,2037-07-25,38,70,9,444296,High,1260
913,Project_913,2037-06-24,2037-09-13,81,51,7,208048,Low,1428
914,Project_914,2037-07-01,2037-09-25,86,65,15,269530,Medium,1950
915,Project_915,2037-07-08,2037-09-01,55,45,12,277241,Medium,2160
916,Project_916,2037-07-15,2037-09-23,70,93,16,238731,Medium,5952
917,Project_917,2037-07-22,2037-09-24,64,77,14,339977,High,3234
918,Project_918,2037-07-29,2037-10-29,92,16,12,439384,Low,576
919,Project_919,2037-08-05,2037-09-28,54,63,12,213688,Medium,2268
920,Project_920,2037-08-12,2037-10-18,67,10,16,408617,Low,320
921,Project_921,2037-08-19,2037-09-19,31,53,16,458906,Medium,2544
922,Project_922,2037-08-26,2037-10-01,36,54,13,320460,High,2106
923,Project_923,2037-09-02,2037-11-04,63,56,8,469100,High,448
924,Project_924,2037-09-09,2037-10-25,46,22,9,480596,Low,792
925,Project_925,2037-09-16,2037-11-27,72,31,9,286823,High,1116
926,Project_926,2037-09-23,2037-12-20,88,30,12,488455,High,1080
927,Project_927,2037-09-30,2037-12-19,80,95,11,309987,Low,4180
928,Project_928,2037-10-07,2037-12-29,83,18,13,369150,Medium,234
929,Project_929,2037-10-14,2037-12-06,53,35,19,349243,High,665
930,Project_930,2037-10-21,2037-12-14,54,18,19,174218,Low,1026
931,Project_931,2037-10-28,2038-01-17,81,24,18,296416,High,432
932,Project_932,2037-11-04,2038-02-11,99,19,12,132430,High,912
933,Project_933,2037-11-11,2038-01-12,62,97,6,123091,High,1164
934,Project_934,2037-11-18,2038-02-04,78,51,14,357125,High,2856
935,Project_935,2037-11-25,2038-01-22,58,81,16,123989,Low,2592
936,Project_936,2037-12-02,2038-03-04,92,33,8,175451,Low,792
937,Project_937,2037-12-09,2038-01-29,51,89,10,118990,Low,1780
938,Project_938,2037-12-16,2038-02-09,55,58,16,452414,High,928
939,Project_939,2037-12-23,2038-02-18,57,35,6,442504,High,840
940,Project_940,2037-12-30,2038-03-18,78,46,11,350541,High,1012
941,Project_941,2038-01-06,2038-03-25,78,77,7,398225,Low,2156
942,Project_942,2038-01-13,2038-03-03,49,59,17,242105,High,3009
943,Project_943,2038-01-20,2038-04-22,92,33,7,470416,Medium,693
944,Project_944,2038-01-27,2038-04-27,90,28,15,378385,High,420
945,Project_945,2038-02-03,2038-04-22,78,69,6,224932,Medium,1242
946,Project_946,2038-02-10,2038-03-12,30,48,15,368083,High,1440
947,Project_947,2038-02-17,2038-03-31,42,83,12,213000,Low,2988
948,Project_948,2038-02-24,2038-05-15,80,98,10,278634,High,980
949,Project_949,2038-03-03,2038-05-27,85,27,5,135063,Medium,540
950,Project_950,2038-03-10,2038-06-09,91,28,16,307793,Medium,1792
951,Project_951,2038-03-17,2038-05-17,61,45,5,258117,High,675
952,Project_952,2038-03-24,2038-05-22,59,83,11,409262,Medium,1826
953,Project_953,2038-03-31,2038-05-28,58,64,12,184703,Medium,768
954,Project_954,2038-04-07,2038-06-24,78,78,9,335796,Low,1404
955,Project_955,2038-04-14,2038-06-27,74,56,16,228557,High,896
956,Project_956,2038-04-21,2038-06-19,59,58,15,389220,High,2610
957,Project_957,2038-04-28,2038-06-12,45,42,9,353317,High,378
958,Project_958,2038-05-05,2038-07-13,69,30,8,295877,Medium,240
959,Project_959,2038-05-12,2038-06-29,48,90,18,406749,High,4860
960,Project_960,2038-05-19,2038-07-05,47,31,10,446709,High,620
961,Project_961,2038-05-26,2038-06-25,30,57,18,401265,Low,3078
962,Project_962,2038-06-02,2038-08-17,76,46,10,393577,Low,460
963,Project_963,2038-06-09,2038-09-12,95,24,7,143309,Low,504
964,Project_964,2038-06-16,2038-08-22,67,44,13,429612,Medium,572
965,Project_965,2038-06-23,2038-09-11,80,80,16,429437,High,3840
966,Project_966,2038-06-30,2038-09-30,92,41,15,458402,Low,2460
967,Project_967,2038-07-07,2038-08-09,33,20,18,400549,Low,1440
968,Project_968,2038-07-14,2038-08-13,30,19,11,143527,Low,627
969,Project_969,2038-07-21,2038-08-27,37,82,5,439371,High,820
970,Project_970,2038-07-28,2038-09-24,58,87,19,493708,High,1653
971,Project_971,2038-08-04,2038-10-27,84,86,17,324490,High,5848
972,Project_972,2038-08-11,2038-09-12,32,66,11,239883,Medium,1452
973,Project_973,2038-08-18,2038-10-18,61,34,9,193344,Medium,306
974,Project_974,2038-08-25,2038-10-03,39,11,9,255344,Low,396
975,Project_975,2038-09-01,2038-11-03,63,73,18,323564,High,5256
976,Project_976,2038-09-08,2038-12-01,84,44,17,147153,Low,2244
977,Project_977,2038-09-15,2038-11-15,61,16,6,208042,High,96
978,Project_978,2038-09-22,2038-12-10,79,94,8,154110,High,1504
979,Project_979,2038-09-29,2038-11-04,36,27,16,245051,High,864
980,Project_980,2038-10-06,2038-11-12,37,76,10,341131,Medium,1520
981,Project_981,2038-10-13,2039-01-15,94,51,14,339173,Medium,714
982,Project_982,2038-10-20,2039-01-14,86,48,19,128328,High,1824
983,Project_983,2038-10-27,2039-01-31,96,50,15,212911,Low,1500
984,Project_984,2038-11-03,2039-01-30,88,84,11,375011,High,1848
985,Project_985,2038-11-10,2039-02-01,83,33,15,159234,High,1485
986,Project_986,2038-11-17,2039-02-21,96,69,9,387995,Low,1863
987,Project_987,2038-11-24,2039-02-12,80,55,13,393423,High,715
988,Project_988,2038-12-01,2039-01-07,37,28,7,348503,Low,196
989,Project_989,2038-12-08,2039-02-09,63,77,5,327135,Medium,770
990,Project_990,2038-12-15,2039-02-17,64,99,8,173402,Medium,2376
991,Project_991,2038-12-22,2039-02-21,61,51,13,377593,Low,2652
992,Project_992,2038-12-29,2039-03-14,75,41,8,438365,Medium,1312
993,Project_993,2039-01-05,2039-02-19,45,48,6,451224,Medium,576
994,Project_994,2039-01-12,2039-04-19,97,45,14,105451,Low,1260
995,Project_995,2039-01-19,2039-03-26,66,45,18,187178,Medium,2430
996,Project_996,2039-01-26,2039-04-19,83,12,18,425905,High,648
997,Project_997,2039-02-02,2039-03-17,43,82,9,336562,High,2214
998,Project_998,2039-02-09,2039-05-04,84,17,7,401014,Low,119
999,Project_999,2039-02-16,2039-05-04,77,79,17,458710,Medium,1343
1000,Project_1000,2039-02-23,2039-03-31,36,50,16,485893,High,1600
